Question,Answer
"What is a book?","A book is a collection of written, printed, illustrated, or blank sheets bound together and typically protected by a cover; it conveys information, stories, ideas, or records in a fixed sequence."
"What is fiction?","Fiction is prose literature created from the imagination, including novels and short stories, where events and characters are invented rather than strictly factual."
"What is non-fiction?","Non-fiction is prose that presents facts, real events, and real people, such as biographies, history, essays, and manuals."
"What is a novel?","A novel is a long fictional narrative with developed characters, plot, and themes, usually organized into chapters."
"What is a short story?","A short story is a brief fictional narrative focusing on a single incident, character, or mood, typically concise enough to be read in one sitting."
"What is science fiction (sci-fi)?","Science fiction is a genre imagining futures, advanced technologies, space travel, time travel, and speculative scientific concepts to explore their impact on individuals and societies."
"What is fantasy?","Fantasy is a genre featuring magical systems, mythical creatures, and imaginary worlds that do not adhere to real-world scientific rules."
"What is literary fiction?","Literary fiction emphasizes style, character depth, and thematic complexity over plot-driven action, often examining human experience and language."
"What is a biography?","A biography is a detailed account of a person's life written by someone else, covering important events, influences, and achievements."
"What is an autobiography?","An autobiography is a self-written account of the author's own life, reflecting personal experiences and perspectives."
"What is a memoir?","A memoir is a focused personal narrative recounting specific periods, themes, or experiences in the author's life, often with reflective insight."
"What is a bestseller?","A bestseller is a book that achieves high sales and widespread popularity, often appearing on official bestseller lists compiled by retailers or media outlets."
"What is an ISBN?","An ISBN (International Standard Book Number) is a unique numeric identifier assigned to each edition and variation of a book for cataloging and sales."
"What is an edition?","An edition is a particular version of a book, reflecting changes such as revisions, new forewords, corrected errors, or format differences."
"What is a publisher?","A publisher is a company or organization that prepares, produces, distributes, and markets books to the public."
"What is self-publishing?","Self-publishing is when authors independently produce and distribute their books without a traditional publishing house, often using print-on-demand and e-book platforms."
"What is an imprint?","An imprint is a trade name under which a publisher releases books; large publishing houses often operate multiple imprints for different genres or markets."
"What is book editing?","Book editing is the process of reviewing and improving a manuscript's structure, clarity, grammar, consistency, and overall readability before publication."
"What is copyediting?","Copyediting focuses on correcting grammar, punctuation, spelling, and factual consistency while improving clarity and style at the sentence level."
"What is developmental editing?","Developmental editing addresses a manuscript's high-level elements—plot, structure, pacing, character development, and organization—often requiring major revisions."
"What is proofing or proofreading?","Proofreading is the final review of a typeset book to catch typographical errors, formatting issues, and minor mistakes before printing or release."
"What is a genre?","A genre is a category of literature defined by shared conventions, themes, tone, or audience expectations—examples include mystery, romance, sci-fi, fantasy, and historical fiction."
"What is young adult (YA) fiction?","YA fiction targets readers roughly aged 12–18 and typically features adolescent protagonists confronting growth, identity, and coming-of-age themes."
"What is middle grade fiction?","Middle grade fiction is aimed at readers about 8–12 years old, featuring protagonists in that age range and focusing on adventure, friendship, and early personal growth."
"What is a series?","A series is a set of books sharing the same characters, setting, or continuing plotlines, published sequentially and often numbering multiple volumes."
"What is a standalone novel?","A standalone novel is a single book with a complete narrative arc that does not require reading other books to understand its story."
"What is a plot?","A plot is the sequence of events in a story, driven by conflicts, goals, and actions that move the narrative from beginning to resolution."
"What is a theme in literature?","A theme is an underlying idea or message explored throughout a book—examples include love, identity, power, mortality, and freedom."
"What is character development?","Character development is the process by which a character changes or reveals complexity over the course of a story through actions, decisions, and experiences."
"What is point of view (POV)?","POV is the narrative perspective from which a story is told—common types are first person (I), third-person limited (he/she, focused on one character), and third-person omniscient (all-knowing narrator)."
"What is tone in a book?","Tone is the author's attitude toward the subject and audience, conveyed through word choice, sentence structure, and stylistic decisions—e.g., humorous, somber, ironic."
"What is style in writing?","Style refers to an author's distinctive use of language, including vocabulary, sentence rhythm, imagery, and rhetorical devices that create a recognizable voice."
"What is pacing in a novel?","Pacing is the speed and rhythm at which a story unfolds, controlled by scene length, chapter breaks, descriptive detail, and plot progression."
"What is an unreliable narrator?","An unreliable narrator is a storyteller whose credibility is compromised—through bias, limited knowledge, deception, or mental state—affecting how readers interpret events."
"What is magical realism?","Magical realism blends realistic settings with subtle, accepted magical elements that coexist with everyday life, often used to highlight cultural or psychological truths."
"What is historical fiction?","Historical fiction sets fictional characters and plots within accurately depicted past eras, integrating real events, people, or customs to evoke a period."
"What is a plot twist?","A plot twist is an unexpected development that changes readers' understanding of events, character motives, or outcomes, often used to generate surprise or recontextualize the story."
"What is a cliffhanger?","A cliffhanger is an unresolved ending or suspenseful moment at the close of a chapter or book that leaves the audience eager to know what happens next."
"What are some notable works by Haruki Murakami?","Notable works by Haruki Murakami include 'Norwegian Wood' (1987), 'Kafka on the Shore' (2002), 'The Wind-Up Bird Chronicle' (1994–1995), '1Q84' (2009–2010), and 'A Wild Sheep Chase' (1982)."
"What are some contemporary sci-fi books to read?","Contemporary sci-fi recommendations: 'The Three-Body Problem' by Liu Cixin, 'Project Hail Mary' by Andy Weir, 'Annihilation' by Jeff VanderMeer, 'The Water Knife' by Paolo Bacigalupi, 'The Power' by Naomi Alderman."
"What are classic sci-fi authors?","Classic sci-fi authors include Isaac Asimov, Arthur C. Clarke, Philip K. Dick, Ursula K. Le Guin, Robert A. Heinlein, and Ray Bradbury."
"What are some must-read fantasy series?","Must-read fantasy series: 'The Lord of the Rings' by J.R.R. Tolkien, 'A Song of Ice and Fire' by George R.R. Martin, 'The Wheel of Time' by Robert Jordan, 'The Stormlight Archive' by Brandon Sanderson."
"What are some good books for beginners to read?","Good beginner books: 'To Kill a Mockingbird' by Harper Lee, 'The Catcher in the Rye' by J.D. Salinger, 'The Alchemist' by Paulo Coelho, 'Charlotte's Web' by E.B. White, 'The Hobbit' by J.R.R. Tolkien."
"What are common elements of mystery novels?","Common elements: a central crime or puzzle, a detective or investigator, clues and red herrings, suspects with motives, a reveal or solution, and often a suspenseful atmosphere."
"What are examples of unreliable narrators in literature?","Examples: the narrator in 'The Catcher in the Rye' (Holden Caulfield), Patrick Bateman in 'American Psycho', Nick Carraway in 'The Great Gatsby' (debated), and the narrator in 'Gone Girl' (Amy/Doug—dueling unreliable accounts)."
"What are literary awards for books?","Major literary awards: the Nobel Prize in Literature, the Booker Prize, the Pulitzer Prize for Fiction, the National Book Award, the Hugo and Nebula Awards (for speculative fiction)."
"What is an advance (publishing)?","An advance is an upfront payment from a publisher to an author against future royalties, recouped from book sales before further royalty payments are made."
"What is a royalty?","A royalty is a percentage of sales paid to the author by the publisher for each copy sold, after the advance has been earned out."
"What is AGENTS' role in publishing?","A literary agent represents authors to publishers, negotiates contracts, shops manuscripts, and advises on career strategy and rights sales."
"What is query letter?","A query letter is a brief pitch sent to agents or publishers summarizing a manuscript, author credentials, and why the book will sell—used to request representation or submission."
"What does 'upmarket' mean in publishing?","'Upmarket' describes books that bridge commercial and literary fiction—readable and plot-driven but with higher stylistic quality or thematic depth."
"What is a backlist?","A backlist is a publisher's catalogue of previously published titles that continue to sell over time, as opposed to the frontlist of new releases."
"What is a proof copy?","A proof copy is a pre-publication version sent for final review, advance reader copies, or promotional use; it may differ slightly from the final retail edition."
"What are e-books and audiobooks?","E-books are digital book files readable on devices; audiobooks are narrated recordings of books available as downloads or streaming."
"What is book metadata?","Book metadata includes structured information about a book—title, author, ISBN, publisher, publication date, language, page count, description, categories, and keywords—used for cataloging and discovery."
"What is book discovery?","Book discovery is how readers find books—through recommendations, reviews, bookstores, libraries, social media, algorithms, and awards."
"What are some ways to find book recommendations?","Find recommendations via book clubs, librarian picks, bestseller lists, curated newsletters, Goodreads/LibraryThing, social media (BookTok, Bookstagram), and friends' suggestions."
"What is a reading challenge?","A reading challenge is a self-set or community-driven goal to read a number or variety of books over a time period—e.g., 50 books in a year or prompts like 'read a book set in a different country.'"
"What is an annotated bibliography?","An annotated bibliography lists sources with brief descriptions or evaluations summarizing relevance, quality, and content."
"What is a book club?","A book club is a group that meets regularly to read and discuss selected books, often sharing insights, interpretations, and social interaction."
"What is a trove of short story collections to try?","Short story collection suggestions: 'Dubliners' by James Joyce, 'Interpreter of Maladies' by Jhumpa Lahiri, 'Nine Stories' by J.D. Salinger, 'What We Talk About When We Talk About Love' by Raymond Carver."
"What are some translated works to explore?","Translated works: 'One Hundred Years of Solitude' (Gabriel García Márquez, translated by Gregory Rabassa), 'The Stranger' (Albert Camus, Anthony Bower/others), 'Blindness' (José Saramago), 'The Master and Margarita' (Mikhail Bulgakov)."
"What are common book formats?","Common formats: hardcover, paperback, mass-market paperback, trade paperback, e-book (various file types), and audiobook (download or CD)."
"What is an omnibus edition?","An omnibus edition collects multiple works—novels or stories—into one volume, often previously published separately."
"What is fanfiction?","Fanfiction is unofficial fiction written by fans using existing characters, settings, or worlds from published works, shared online or in fan communities."
"What is a dedication in a book?","A dedication is a short message from the author at the front of a book, often addressing the book to a person or group."
"What is a foreword?","A foreword is an introductory piece written by someone other than the author—often a respected figure—providing context or endorsement."
"What is an afterword?","An afterword is a concluding note by the author or editor reflecting on the work, its creation, themes, or reception."
"What is a blurb?","A blurb is a short promotional description or quote—usually from reviews or endorsers—used on a book's jacket or marketing materials to attract readers."
"What is a subgenre?","A subgenre is a more specific category within a genre (e.g., cozy mystery, urban fantasy, space opera) that narrows themes, tone, or conventions."
"What are some debut novels that made an impact?","Impactful debuts: 'The Catcher in the Rye' (J.D. Salinger), 'To Kill a Mockingbird' (Harper Lee), 'The Kite Runner' (Khaled Hosseini), 'White Teeth' (Zadie Smith), 'Eragon' (Christopher Paolini)."
"What is an epigraph?","An epigraph is a short quotation placed at the beginning of a book or chapter to suggest theme or tone."
"What is an unreliable memory trope in literature?","An unreliable memory trope features characters with flawed or repressed recollections that drive mystery, reveal trauma, or create ambiguity about past events."
"What are pacing techniques authors use?","Pacing techniques: shorter scenes/chapters for speed, longer descriptive passages to slow down, cliffhangers, parallel subplots, varying sentence length, and temporal jumps."
"What are some essential books on writing craft?","Books on craft: 'On Writing' by Stephen King, 'Bird by Bird' by Anne Lamott, 'The Elements of Style' by Strunk & White, 'Story' by Robert McKee, 'The Writing Life' by Annie Dillard."
"What are some books about bookstores or libraries?","Books featuring bookstores/libraries: 'The Shadow of the Wind' by Carlos Ruiz Zafón, 'The Storied Life of A.J. Fikry' by Gabrielle Zevin, 'The Library Book' by Susan Orlean (nonfiction), 'Mr. Penumbra's 24-Hour Bookstore' by Robin Sloan."
"What is a reading list for speculative fiction?","Speculative fiction reading list: 'The Left Hand of Darkness' (Ursula K. Le Guin), 'Do Androids Dream of Electric Sheep?' (Philip K. Dick), 'The Handmaid's Tale' (Margaret Atwood), 'Kindred' (Octavia Butler), 'The Road' (Cormac McCarthy)."
"What is intertextuality?","Intertextuality is the shaping of a text's meaning by other texts—through allusion, quotation, parody, or direct reference—creating dialogue between works."
"What are children's picture books characteristics?","Children's picture books combine concise text and illustrations, feature simple plots, repetitive structure, and designs tailored to early literacy and visual engagement."
"What is a reading level?","A reading level rates the complexity of a book's language and content, used to match texts to readers' age or skill—examples: Lexile measures, Fountas & Pinnell levels."
"What is respinning a classic (retelling)?","Retelling a classic means rewriting a well-known story from a new perspective, era, or voice—e.g., 'Wide Sargasso Sea' reimagining 'Jane Eyre'—often to explore different themes or marginalized viewpoints."
"What are book rights (film, translation, audio)?","Book rights are permissions sold or licensed to adapt or reproduce a book in other media or languages—film, TV, translations, audiobook, stage—often negotiated separately from print rights."
"What are some anti-hero protagonists in literature?","Anti-heroes: Raskolnikov ('Crime and Punishment'), Holden Caulfield ('The Catcher in the Rye'), Humbert Humbert ('Lolita'), Tyler Durden ('Fight Club'), Walter White ('Breaking Bad'—TV but literary anti-hero example)."
"What are some novels with strong sense of place?","Novels with vivid place: 'Beloved' (Ohio—Toni Morrison), 'The Grapes of Wrath' (Dust Bowl—John Steinbeck), 'Dubliners' (Dublin—James Joyce), 'The Poisonwood Bible' (Congo—Barbara Kingsolver)."
"What is a reinstated or revised edition?","A revised edition has updates or corrections made after the original publication; a reinstated edition may bring back previously removed content or reissue an out-of-print work."
"What are some books that explore grief?","Books exploring grief: 'A Grief Observed' (C.S. Lewis), 'The Year of Magical Thinking' (Joan Didion), 'Extremely Loud & Incredibly Close' (Jonathan Safran Foer), 'When Breath Becomes Air' (Paul Kalanithi)."
"What are examples of metafiction?","Metafiction examples: 'If on a winter's night a traveler' (Italo Calvino), 'Slaughterhouse-Five' (Kurt Vonnegut), 'The French Lieutenant's Woman' (John Fowles), 'House of Leaves' (Mark Z. Danielewski)."
"What is bibliotherapy?","Bibliotherapy uses reading specific books as a therapeutic tool to support mental health, personal growth, or coping with life events, often guided by therapists or reading programs."
"What are some books with unreliable timelines?","Books with nonlinear or unreliable timelines: 'Cloud Atlas' (David Mitchell), 'The Night Watch' (Sarah Waters), 'The Sound and the Fury' (William Faulkner), 'Time's Arrow' (Martin Amis)."
"What are annotated editions?","Annotated editions include explanatory notes, historical context, and commentary alongside the original text to aid understanding and scholarly study."
"What are some international book festivals to attend?","International book festivals: Frankfurt Book Fair, London Book Fair, Jaipur Literature Festival, Hay Festival (Wales), Edinburgh International Book Festival."
"What is a cold read vs. a hot read in submissions?","A cold read is an unsolicited manuscript or query; a hot read is a submission with prior buzz, endorsements, or agent interest—often reviewed more quickly."
"What are some famous first lines in literature?","Famous first lines: 'Call me Ishmael.' (Moby-Dick), 'It was the best of times, it was the worst of times.' (A Tale of Two Cities), 'All happy families are alike; each unhappy family is unhappy in its own way.' (Anna Karenina)."
"What are some tips for starting a reading habit?","Tips: set a daily time (15-30 min), carry a book or e-reader, use reading goals, join a book club, mix genres, and choose engaging short books to build momentum."
"What should I read if I like fast-paced thrillers?","Try 'The Girl with the Dragon Tattoo' by Stieg Larsson, 'Gone Girl' by Gillian Flynn, 'The Silent Patient' by Alex Michaelides, or 'The Woman in the Window' by A.J. Finn."
"What should I read if I enjoy lyrical, character-driven novels?","Try 'A Little Life' by Hanya Yanagihara, 'The Goldfinch' by Donna Tartt, 'All the Light We Cannot See' by Anthony Doerr, or 'Normal People' by Sally Rooney."
"What are good beach reads for a vacation?","Good beach reads: 'Where the Crawdads Sing' by Delia Owens, 'Eleanor Oliphant Is Completely Fine' by Gail Honeyman, 'Big Little Lies' by Liane Moriarty, and 'The Rosie Project' by Graeme Simsion."
"What are starter fantasy novels for a newcomer to the genre?","Starter fantasy: 'The Hobbit' by J.R.R. Tolkien, 'Harry Potter and the Sorcerer's Stone' by J.K. Rowling, 'The Name of the Wind' by Patrick Rothfuss, and 'Mistborn: The Final Empire' by Brandon Sanderson."
"What should I read next if I loved a book's unreliable narrator?","Try 'Gone Girl' (Gillian Flynn), 'The Secret History' (Donna Tartt), 'Shutter Island' (Dennis Lehane), or 'We Have Always Lived in the Castle' (Shirley Jackson)."
"What are good books for someone who wants to read more diverse voices?","Recommendations: 'Homegoing' by Yaa Gyasi, 'Pachinko' by Min Jin Lee, 'Americanah' by Chimamanda Ngozi Adichie, and 'The Sympathizer' by Viet Thanh Nguyen."
"What are quick reads for busy people?","Quick reads: 'The Old Man and the Sea' by Ernest Hemingway, 'The Sense of an Ending' by Julian Barnes, 'Of Mice and Men' by John Steinbeck, and 'The Pearl' by John Steinbeck."
"What should I read if I liked magical realism elements?","Try 'One Hundred Years of Solitude' by Gabriel García Márquez, 'Beloved' by Toni Morrison, 'The House of the Spirits' by Isabel Allende, or 'Like Water for Chocolate' by Laura Esquivel."
"What are good book options for improving empathy and perspective-taking?","Try 'To Kill a Mockingbird' by Harper Lee, 'The Kite Runner' by Khaled Hosseini, 'The Diary of a Young Girl' by Anne Frank, and 'The Color Purple' by Alice Walker."
"What are popular mystery series to binge-read?","Popular mystery series: 'Inspector Gamache' (Louise Penny), 'Harry Bosch' (Michael Connelly), 'Cormoran Strike' (Robert Galbraith/J.K. Rowling), and 'Alex Delaware' (Jonathan Kellerman)."
"What should I read if I want convincing romance with strong characterization?","Try 'The Night Circus' by Erin Morgenstern (romantic subtext), 'Me Before You' by Jojo Moyes, 'The Time Traveler's Wife' by Audrey Niffenegger, or 'Red, White & Royal Blue' by Casey McQuiston."
"What are good books for fans of historical fiction?","Try 'The Nightingale' by Kristin Hannah, 'All the Light We Cannot See' by Anthony Doerr, 'The Pillars of the Earth' by Ken Follett, and 'Wolf Hall' by Hilary Mantel."
"What are great sci-fi books that focus on ideas rather than action?","Idea-driven sci-fi: 'The Left Hand of Darkness' by Ursula K. Le Guin, 'The Dispossessed' by Ursula K. Le Guin, 'Annihilation' by Jeff VanderMeer, and 'Solaris' by Stanisław Lem."
"What should I read next if I loved a coming-of-age story?","Try 'The Catcher in the Rye' by J.D. Salinger, 'A Separate Peace' by John Knowles, 'Norwegian Wood' by Haruki Murakami, or 'The Perks of Being a Wallflower' by Stephen Chbosky."
"What are good non-fiction reads for understanding current events?","Try 'The Shock Doctrine' by Naomi Klein, 'Factfulness' by Hans Rosling, 'How Democracies Die' by Steven Levitsky & Daniel Ziblatt, and 'On Tyranny' by Timothy Snyder."
"What are accessible classics for modern readers?","Accessible classics: 'Frankenstein' by Mary Shelley, 'Jane Eyre' by Charlotte Brontë, '1984' by George Orwell, and 'Pride and Prejudice' by Jane Austen."
"What are good books to start a conversation in a book club?","Book-club picks: 'The Vanishing Half' by Brit Bennett, 'Where the Crawdads Sing' by Delia Owens, 'Little Fires Everywhere' by Celeste Ng, and 'The Dutch House' by Ann Patchett."
"What should I read if I want something unsettling and atmospheric?","Try 'The Haunting of Hill House' by Shirley Jackson, 'Mexican Gothic' by Silvia Moreno-Garcia, 'The Terror' by Dan Simmons, or 'Bird Box' by Josh Malerman."
"What are feel-good books that are uplifting?","Feel-good picks: 'The Little Prince' by Antoine de Saint-Exupéry, 'The Storied Life of A.J. Fikry' by Gabrielle Zevin, 'Major Pettigrew's Last Stand' by Helen Simonson, and 'Eleanor Oliphant Is Completely Fine' by Gail Honeyman."
"What should I read if I want to explore contemporary Latin American fiction?","Try 'The Savage Detectives' by Roberto Bolaño, '2666' by Roberto Bolaño, 'Like Water for Chocolate' by Laura Esquivel, and 'The Death of Artemio Cruz' by Carlos Fuentes."
"What are great debut novels by women authors?","Great debuts: 'White Teeth' by Zadie Smith, 'The Vegetarian' by Han Kang, 'The Girl on the Train' by Paula Hawkins, and 'Room' by Emma Donoghue."
"What should I read if I like books that blend genres?","Try genre-blenders: 'Lincoln in the Bardo' by George Saunders (historical + experimental), 'The City & The City' by China Miéville (crime + speculative), 'Station Eleven' by Emily St. John Mandel (literary + dystopian)."
"What are good audio-first books for commuters?","Audio-friendly books: 'Born a Crime' by Trevor Noah (excellent narration), 'Yes Please' by Amy Poehler, 'The Girl on the Train' by Paula Hawkins, and 'The Martian' by Andy Weir."
"What should I read if I want short, punchy essays?","Try essay collections: 'Notes of a Native Son' by James Baldwin, 'Bad Feminist' by Roxane Gay, 'Me Talk Pretty One Day' by David Sedaris, and 'Consider the Lobster' by David Foster Wallace."
"What are books that pair well with movies?","Book-to-film pairs: 'The Godfather' (Mario Puzo), 'No Country for Old Men' (Cormac McCarthy), 'The Handmaid's Tale' (Margaret Atwood), and 'Room' (Emma Donoghue)."
"What should I read if I want to dive into myth-inspired retellings?","Try 'Circe' by Madeline Miller, 'The Song of Achilles' by Madeline Miller, 'The Silence of the Girls' by Pat Barker, and 'Station Eleven' (mythic echoes) by Emily St. John Mandel."
"What are good reads for fans of quiet, slow-burn stories?","Quiet fiction: 'Stoner' by John Williams, 'Gilead' by Marilynne Robinson, 'The Neapolitan Novels' by Elena Ferrante (start with 'My Brilliant Friend'), and 'The Painted Veil' by W. Somerset Maugham."
"What should I read if I liked immersive worldbuilding?","Try 'The Name of the Wind' by Patrick Rothfuss, 'The Lies of Locke Lamora' by Scott Lynch, 'The Way of Kings' by Brandon Sanderson, and 'The Fifth Season' by N.K. Jemisin."
"What are approachable memoirs for first-time memoir readers?","Approachable memoirs: 'Educated' by Tara Westover, 'Becoming' by Michelle Obama, 'Eat, Pray, Love' by Elizabeth Gilbert, and 'The Glass Castle' by Jeannette Walls."
"What should I read if I want to understand climate fiction (cli-fi)?","Try 'The Water Knife' by Paolo Bacigalupi, 'The Road' by Cormac McCarthy, 'Oryx and Crake' by Margaret Atwood, and 'Flight Behavior' by Barbara Kingsolver."
"What are books that pair well with reading groups focused on social issues?","Group picks: 'The Warmth of Other Suns' by Isabel Wilkerson, 'Just Mercy' by Bryan Stevenson, 'Between the World and Me' by Ta-Nehisi Coates, and 'Evicted' by Matthew Desmond."
"What should I read if I enjoyed a book's twist ending and want similar surprises?","Try 'Life of Pi' by Yann Martel, 'The Murder of Roger Ackroyd' by Agatha Christie, 'Shutter Island' by Dennis Lehane, and 'The Secret History' by Donna Tartt."
"What are light, humorous novels to lift your mood?","Humorous picks: 'The Hitchhiker's Guide to the Galaxy' by Douglas Adams, 'Good Omens' by Neil Gaiman & Terry Pratchett, 'Where'd You Go, Bernadette' by Maria Semple, and 'The Rosie Project' by Graeme Simsion."
"What should I read if I want contemporary Australian fiction?","Try 'The Dry' by Jane Harper, 'Cloudstreet' by Tim Winton, 'The Light Between Oceans' by M.L. Stedman, and 'The Narrow Road to the Deep North' by Richard Flanagan."
"What are books that explore identity and diaspora?","Try 'Brick Lane' by Monica Ali, 'The Buddha of Suburbia' by Hanif Kureishi, 'The Namesake' by Jhumpa Lahiri, and 'Americanah' by Chimamanda Ngozi Adichie."
"What should I read if I want novels with strong female protagonists?","Try 'Jane Eyre' by Charlotte Brontë, 'The Power' by Naomi Alderman, 'The Handmaid's Tale' by Margaret Atwood, and 'The Girl with the Louding Voice' by Abi Daré."
"What are cozy reads for fans of gentle mysteries and domestic settings?","Cozy picks: 'The No. 1 Ladies' Detective Agency' by Alexander McCall Smith, 'The Sweetness at the Bottom of the Pie' by Alan Bradley, 'Maisie Dobbs' by Jacqueline Winspear, and 'The Thursday Murder Club' by Richard Osman."
"What should I read if I want books that focus on food and cooking?","Try 'Kitchen' by Banana Yoshimoto (fiction), 'Like Water for Chocolate' by Laura Esquivel, 'Blood, Bones & Butter' by Gabrielle Hamilton (memoir), and 'Heat' by Bill Buford (nonfiction)."
"What should I read if I like twisty psychological thrillers?","Try 'The Silent Patient' by Alex Michaelides, 'Behind Closed Doors' by B.A. Paris, 'The Woman in the Window' by A.J. Finn, and 'The Couple Next Door' by Shari Lapena."
"What should I read if I like epic family sagas?","Try 'One Hundred Years of Solitude' by Gabriel García Márquez, 'The Forsyte Saga' by John Galsworthy, 'The Cazalet Chronicles' by Elizabeth Jane Howard, and 'Homegoing' by Yaa Gyasi."
"What should I read if I want books with strong ecological themes?","Try 'The Overstory' by Richard Powers, 'Prodigal Summer' by Barbara Kingsolver, 'The Road' by Cormac McCarthy, and 'Flight Behavior' by Barbara Kingsolver."
"What should I read if I want short-form speculative fiction?","Try short speculative picks: 'Stories of Your Life and Others' by Ted Chiang, 'Exhalation' by Ted Chiang, 'Welcome to the Monkey House' by Kurt Vonnegut, and 'Her Body and Other Parties' by Carmen Maria Machado."
"What should I read if I like cozy romances with small-town settings?","Try 'The Rosie Project' by Graeme Simsion, 'The Guernsey Literary and Potato Peel Pie Society' by Mary Ann Shaffer & Annie Barrows, 'Major Pettigrew's Last Stand' by Helen Simonson, and 'Small Town Hearts' style rom-coms."
"What should I read if I want fast-paced dystopian YA?","Try 'The Hunger Games' by Suzanne Collins, 'Divergent' by Veronica Roth, 'Legend' by Marie Lu, and 'The Maze Runner' by James Dashner."
"What should I read if I want novels with exquisite prose and sentence-level craft?","Try 'Gilead' by Marilynne Robinson, 'Housekeeping' by Marilynne Robinson, 'Beloved' by Toni Morrison, and 'The English Patient' by Michael Ondaatje."
"What should I read if I like novels with unreliable protagonists?","Try 'The Talented Mr. Ripley' by Patricia Highsmith, 'We Have Always Lived in the Castle' by Shirley Jackson, 'Fight Club' by Chuck Palahniuk, and 'Gone Girl' by Gillian Flynn."
"What should I read if I enjoy historical mysteries?","Try 'The Alienist' by Caleb Carr, 'Maisie Dobbs' by Jacqueline Winspear, 'The Name of the Rose' by Umberto Eco, and 'An Instance of the Fingerpost' by Iain Pears."
"What should I read if I like books set on remote islands?","Try 'The Islanders' by Meg Mitchell Moore, 'The Light Between Oceans' by M.L. Stedman, 'Treasure Island' by Robert Louis Stevenson, and 'The Coral Island' by R.M. Ballantyne."
"What should I read if I want novels centered on music and musicians?","Try 'High Fidelity' by Nick Hornby, 'A Visit from the Goon Squad' by Jennifer Egan, 'The Commitments' by Roddy Doyle, and 'Bel Canto' by Ann Patchett."
"What should I read if I like travel memoirs?","Try 'Eat, Pray, Love' by Elizabeth Gilbert, 'A Walk in the Woods' by Bill Bryson, 'On the Road' by Jack Kerouac (memoir-ish), and 'Travels with Charley' by John Steinbeck."
"What should I read if I want contemporary African fiction?","Try 'Americanah' by Chimamanda Ngozi Adichie, 'Half of a Yellow Sun' by Chimamanda Ngozi Adichie, 'Stay with Me' by Ayobami Adebayo, and 'The Fishermen' by Chigozie Obioma."
"What should I read if I want to get into noir crime novels?","Try 'The Big Sleep' by Raymond Chandler, 'The Maltese Falcon' by Dashiell Hammett, 'In the Woods' by Tana French (modern noir), and 'American Tabloid' by James Ellroy."
"What should I read if I want YA books with strong mental-health themes?","Try 'Turtles All the Way Down' by John Green, 'It's Kind of a Funny Story' by Ned Vizzini, 'All the Bright Places' by Jennifer Niven, and 'Thirteen Reasons Why' by Jay Asher."
"What should I read if I like slow-burn romantic tension?","Try 'The Song of Achilles' by Madeline Miller, 'The Night Circus' by Erin Morgenstern, 'The Time Traveler's Wife' by Audrey Niffenegger, and 'Outlander' by Diana Gabaldon."
"What should I read if I want feminist classics?","Try 'The Bell Jar' by Sylvia Plath, 'The Handmaid's Tale' by Margaret Atwood, 'The Color Purple' by Alice Walker, and 'A Room of One's Own' by Virginia Woolf."
"What should I read if I enjoy books that mix crime and dark comedy?","Try 'The Rosie Project' (light crime-adjacent comedy), 'Inherent Vice' by Thomas Pynchon, 'The Talented Mr. Ripley' (dark humor elements) by Patricia Highsmith, and 'Where'd You Go, Bernadette' by Maria Semple."
"What should I read if I like books focused on food culture and recipes?","Try 'Kitchen Confidential' by Anthony Bourdain, 'Like Water for Chocolate' by Laura Esquivel, 'My Year of Rest and Relaxation' (food motifs) by Ottessa Moshfegh, and 'Heat' by Bill Buford."
"What should I read if I want modern Arabic literature?","Try 'The Yacoubian Building' by Alaa Al Aswany, 'Cities of Salt' by Abdelrahman Munif, 'Palace Walk' (The Cairo Trilogy) by Naguib Mahfouz, and 'Frankenstein in Baghdad' by Ahmed Saadawi."
"What should I read if I want debut short fiction collections?","Try 'Interpreter of Maladies' by Jhumpa Lahiri, 'Tenth of December' by George Saunders, 'The Refugees' by Viet Thanh Nguyen, and 'Everything Inside' by Edwidge Danticat."
"What should I read if I want books with clever structural experiments?","Try 'House of Leaves' by Mark Z. Danielewski, 'If on a winter's night a traveler' by Italo Calvino, 'A Visit from the Goon Squad' by Jennifer Egan, and 'Lincoln in the Bardo' by George Saunders."
"What should I read if I like politically charged novels?","Try '1984' by George Orwell, 'The Handmaid's Tale' by Margaret Atwood, 'The Plot Against America' by Philip Roth, and 'The Power' by Naomi Alderman."
"What should I read if I want uplifting YA with found-family themes?","Try 'The Hate U Give' by Angie Thomas (serious themes), 'The Perks of Being a Wallflower' by Stephen Chbosky, 'Aristotle and Dante Discover the Secrets of the Universe' by Benjamin Alire Sáenz, and 'Simon vs. the Homo Sapiens Agenda' by Becky Albertalli."
"What should I read if I want accessible philosophy through fiction?","Try 'Sophie's World' by Jostein Gaarder, 'The Stranger' by Albert Camus, 'Zen and the Art of Motorcycle Maintenance' by Robert M. Pirsig, and 'The Unbearable Lightness of Being' by Milan Kundera."
"What should I read if I like Eastern European fiction?","Try 'The Master and Margarita' by Mikhail Bulgakov, 'A Gentle Creature' by Fyodor Dostoevsky (shorter works), 'The Doll' by Bolesław Prus, and 'Life and Fate' by Vasily Grossman."
"What should I read if I want contemporary Scandinavian fiction?","Try 'Smilla's Sense of Snow' by Peter Høeg, 'The Girl with the Dragon Tattoo' by Stieg Larsson, 'Out Stealing Horses' by Per Petterson, and 'Faceless Killers' by Henning Mankell."
"What should I read if I want books about resilience and survival?","Try 'Unbroken' by Laura Hillenbrand, 'Into the Wild' by Jon Krakauer, 'The Road' by Cormac McCarthy, and 'The Glass Castle' by Jeannette Walls."
"What should I read if I like witty social satires?","Try 'Catch-22' by Joseph Heller, 'Babbitt' by Sinclair Lewis, 'The Bonfire of the Vanities' by Tom Wolfe, and 'White Teeth' by Zadie Smith."
"What should I read if I like books about artists and the creative process?","Try 'The Goldfinch' by Donna Tartt, 'The Secret History' by Donna Tartt (art-adjacent), 'My Name Is Red' by Orhan Pamuk, and 'The Picture of Dorian Gray' by Oscar Wilde."
"What should I read if I want crime novels with strong female detectives?","Try 'In the Woods' by Tana French (female leads in some books), 'A Great Deliverance' by Elizabeth George, 'The Cormoran Strike' series includes Robin Ellacott, and 'Inspector Gamache' series features strong women in supporting roles—try Louise Penny's series."
"What should I read if I like quiet nonfiction that reads like fiction?","Try 'The Immortal Life of Henrietta Lacks' by Rebecca Skloot, 'The Devil in the White City' by Erik Larson, 'The Warmth of Other Suns' by Isabel Wilkerson, and 'The Lost City of Z' by David Grann."
"What should I read if I want modern Japanese fiction beyond Murakami?","Try 'The Devotion of Suspect X' by Keigo Higashino, 'The Makioka Sisters' by Jun'ichirō Tanizaki, 'Convenience Store Woman' by Sayaka Murata, and 'Out' by Natsuo Kirino."
"What should I read if I want meditative nature writing?","Try 'Walden' by Henry David Thoreau, 'The Peregrine' by J.A. Baker, 'Pilgrim at Tinker Creek' by Annie Dillard, and 'The Outermost House' by Henry Beston."
"What should I read if I like unreliable timelines and time-jumping narratives?","Try 'Cloud Atlas' by David Mitchell, 'Time's Arrow' by Martin Amis, 'The Night Watch' by Sarah Waters, and 'The Sound and the Fury' by William Faulkner."
"What should I read if I want debut novels by men that surprised critics?","Try 'The Secret History' by Donna Tartt (female author but debut surprise), 'The Catcher in the Rye' by J.D. Salinger, 'A Confederacy of Dunces' (posthumous) by John Kennedy Toole, and 'White Noise' by Don DeLillo."
"What should I read if I like gothic romance with uncanny atmosphere?","Try 'Jane Eyre' by Charlotte Brontë, 'Rebecca' by Daphne du Maurier, 'The Thirteenth Tale' by Diane Setterfield, and 'The Woman in Black' by Susan Hill."
"What should I read if I want books that explore parent-child relationships?","Try 'Atonement' by Ian McEwan, 'Everything I Never Told You' by Celeste Ng, 'The Light Between Oceans' by M.L. Stedman, and 'Room' by Emma Donoghue."
"What should I read if I want fast-paced legal thrillers?","Try 'The Firm' by John Grisham, 'Presumed Innocent' by Scott Turow, 'The Lincoln Lawyer' by Michael Connelly, and 'A Time to Kill' by John Grisham."
"What should I read if I want LGBTQ+ contemporary fiction?","Try 'Giovanni's Room' by James Baldwin, 'Less' by Andrew Sean Greer, 'Red, White & Royal Blue' by Casey McQuiston, and 'Call Me by Your Name' by André Aciman."
"What should I read if I like books about immigration experiences?","Try 'The Namesake' by Jhumpa Lahiri, 'Americanah' by Chimamanda Ngozi Adichie, 'The Buddha in the Attic' by Julie Otsuka, and 'Exit West' by Mohsin Hamid."
"What should I read if I want uplifting short-story collections?","Try 'Interpreter of Maladies' by Jhumpa Lahiri, 'The Things They Carried' by Tim O'Brien (linked stories), 'Olive Kitteridge' by Elizabeth Strout, and 'Men Without Women' by Haruki Murakami."
"What should I read if I enjoy novels told in multiple perspectives?","Try 'A Visit from the Goon Squad' by Jennifer Egan, 'The Poisonwood Bible' by Barbara Kingsolver, 'As I Lay Dying' by William Faulkner, and 'The Night Watch' by Sarah Waters."
"What should I read if I want contemporary Irish fiction?","Try 'Normal People' by Sally Rooney, 'Brooklyn' by Colm Tóibín, 'The Spinning Heart' by Donal Ryan, and 'Conversations with Friends' by Sally Rooney."
"What should I read if I want page-turning medical thrillers?","Try 'Coma' by Robin Cook, 'The Andromeda Strain' by Michael Crichton (medical/science thriller), 'The Demon in the Freezer' by Richard Preston (nonfiction thriller), and 'The Silent Patient' for psychological pathology."
"What should I read if I like river or sea-set narratives?","Try 'Life of Pi' by Yann Martel, 'The Old Man and the Sea' by Ernest Hemingway, 'The Shipping News' by E. Annie Proulx, and 'The Light Between Oceans' by M.L. Stedman."
"What should I read if I want modern Indonesian or Southeast Asian fiction?","Try 'The Year of Living Dangerously' by Christopher Koch (Indonesia-set), 'Man Tiger' by Eka Kurniawan, 'The Garden of Evening Mists' by Tan Twan Eng (Malaysia), and 'The Sympathizer' by Viet Thanh Nguyen (SE Asian diaspora)."
"What should I read if I want books about addiction and recovery?","Try 'Beautiful Boy' by David Sheff, 'Tweak' by Nic Sheff, 'Dry' by Augusten Burroughs, and 'Junk' by Melvin Burgess."
"What should I read if I enjoy books with twisty unreliable memoir-like narratives?","Try 'A Heartbreaking Work of Staggering Genius' by Dave Eggers, 'Memoirs of a Geisha' by Arthur Golden (historical fiction memoir style), 'The Liar's Club' by Mary Karr, and 'The Glass Castle' by Jeannette Walls."
"What should I read if I like mythic contemporary fantasy?","Try 'American Gods' by Neil Gaiman, 'The Ocean at the End of the Lane' by Neil Gaiman, 'The Song of Achilles' by Madeline Miller, and 'Circe' by Madeline Miller."
"What should I read if I want moving sports memoirs?","Try 'Open' by Andre Agassi, 'Born to Run' by Christopher McDougall, 'The Boys in the Boat' by Daniel James Brown, and 'When Pride Still Mattered' by David Maraniss."
"What should I read if I like beachy romantic comedies?","Try 'The Unhoneymooners' by Christina Lauren, 'The Wedding Date' by Jasmine Guillory, 'Beach Read' by Emily Henry, and 'The Flatshare' by Beth O'Leary."
"What should I read if I want books that tackle addiction through fiction?","Try 'Leaving Las Vegas' by John O'Brien, 'Requiem for a Dream' by Hubert Selby Jr., 'Trainspotting' by Irvine Welsh, and 'A Million Little Pieces' by James Frey (controversial memoir-style)."
"What should I read if I want accessible economics and society books?","Try 'Freakonomics' by Steven Levitt & Stephen Dubner, 'Capital in the Twenty-First Century' (summary-friendly excerpts) by Thomas Piketty, 'The Undercover Economist' by Tim Harford, and 'Nudge' by Richard H. Thaler & Cass R. Sunstein."
"What should I read if I enjoy books about friendships across time?","Try 'The Interestings' by Meg Wolitzer, 'A Little Life' by Hanya Yanagihara, 'The Group' by Mary McCarthy, and 'The Kite Runner' by Khaled Hosseini."
"What should I read if I like books focused on academia and campus life?","Try 'The Secret History' by Donna Tartt, 'Students of the World' type novels, 'Prep' by Curtis Sittenfeld, and 'The Art of Fielding' by Chad Harbach."
"What should I read if I want novels that explore moral ambiguity?","Try 'Atonement' by Ian McEwan, 'The Remains of the Day' by Kazuo Ishiguro, 'The Reader' by Bernhard Schlink, and 'The Heart is a Lonely Hunter' by Carson McCullers."
"What should I read if I want to explore contemporary German fiction?","Try 'The Tin Drum' by Günter Grass, 'All Quiet on the Western Front' by Erich Maria Remarque, 'Measuring the World' by Daniel Kehlmann, and 'Look Who's Back' by Timur Vermes."
"What should I read if I want engaging books about science for general audiences?","Try 'Sapiens' by Yuval Noah Harari, 'The Gene' by Siddhartha Mukherjee, 'The Immortal Life of Henrietta Lacks' by Rebecca Skloot, and 'The Sixth Extinction' by Elizabeth Kolbert."
"What should I read if I want novels with unreliable or ambiguous endings?","Try 'The Turn of the Screw' by Henry James, 'Life of Pi' by Yann Martel, 'The Go-Between' by L.P. Hartley, and 'The Remains of the Day' by Kazuo Ishiguro."
"What should I read if I like books about radical political movements?","Try 'The Grapes of Wrath' by John Steinbeck (socio-political), 'Homage to Catalonia' by George Orwell (firsthand political), 'The Wretched of the Earth' (nonfiction) by Frantz Fanon, and 'The Power' by Naomi Alderman (fictional politics)."
"What should I read if I want to explore modern Turkish literature?","Try 'My Name Is Red' by Orhan Pamuk, 'The Bastard of Istanbul' by Elif Shafak, 'Snow' by Orhan Pamuk, and 'Birds Without Wings' by Louis de Bernières (Turkey-set)."
"What should I read if I enjoy clever detective procedurals?","Try 'The Cuckoo's Calling' by Robert Galbraith, 'The No. 1 Ladies' Detective Agency' by Alexander McCall Smith, 'Still Life' by Louise Penny, and
"What should I read if I want cozy domestic dramas with emotional payoff?","Try 'The Dutch House' by Ann Patchett, 'Olive Kitteridge' by Elizabeth Strout, 'The Light Between Oceans' by M.L. Stedman, and 'Little Fires Everywhere' by Celeste Ng."
"What should I read if I want novels about coming to terms with aging?","Try 'A Man Called Ove' by Fredrik Backman, 'Gilead' by Marilynne Robinson, 'The Leisure Seeker' by Michael Zadoorian, and 'The Stone Gods' by Jeanette Winterson."
"What should I read if I like books about friendships turned sour?","Try 'The Secret History' by Donna Tartt, 'The Girls' by Emma Cline, 'Friend of the Family' by Lauren Grodstein, and 'Where'd You Go, Bernadette' by Maria Semple."
"What should I read if I want fast-paced espionage thrillers?","Try 'The Spy Who Came in from the Cold' by John le Carré, 'Tinker, Tailor, Soldier, Spy' by John le Carré, 'The Night Manager' by John le Carré, and 'I Am Pilgrim' by Terry Hayes."
"What should I read if I want novels set in workplace environments?","Try 'The Office of Historical Corrections' by Danielle Evans (stories), 'The Circle' by Dave Eggers, 'Severance' by Ling Ma, and 'The Nix' by Nathan Hill."
"What should I read if I want novels that center on food and family recipes?","Try 'Like Water for Chocolate' by Laura Esquivel, 'The Particular Sadness of Lemon Cake' by Aimee Bender, 'Kitchen' by Banana Yoshimoto, and 'The Hundred-Foot Journey' by Richard C. Morais."
"What should I read if I like novels about reinvention and second chances?","Try 'Major Pettigrew's Last Stand' by Helen Simonson, 'The Storied Life of A.J. Fikry' by Gabrielle Zevin, 'The Stationery Shop' by Marjan Kamali, and 'Eleanor Oliphant Is Completely Fine' by Gail Honeyman."
"What should I read if I want contemporary Philippine fiction?","Try 'Ilustrado' by Miguel Syjuco, 'Dogeaters' by Jessica Hagedorn, 'Smaller and Smaller Circles' by F.H. Batacan, and 'When the Elephants Dance' by Tess Uriza Holthe."
"What should I read if I want novels with strong sense of regional American life?","Try 'Olive Kitteridge' by Elizabeth Strout (New England), 'The Grapes of Wrath' by John Steinbeck (Dust Bowl), 'Where the Crawdads Sing' by Delia Owens (coastal North Carolina), and 'Their Eyes Were Watching God' by Zora Neale Hurston (Florida)."
"What should I read if I want short, quirky literary fiction?","Try 'Dept. of Speculation' by Jenny Offill, 'We Are All Completely Beside Ourselves' by Karen Joy Fowler, 'The Sellout' by Paul Beatty, and 'Less' by Andrew Sean Greer."
"What should I read if I want heartfelt YA about family dynamics?","Try 'All the Bright Places' by Jennifer Niven, 'The Hate U Give' by Angie Thomas, 'The Fault in Our Stars' by John Green, and 'Eleanor & Park' by Rainbow Rowell."
"What should I read if I like novels that revolve around secrets revealed at reunions?","Try 'The Nest' by Cynthia D'Aprix Sweeney, 'The Marriage Plot' by Jeffrey Eugenides, 'The Interestings' by Meg Wolitzer, and 'The Version of Us' by Laura Barnett."
"What should I read if I want books that explore faith and doubt?","Try 'Gilead' by Marilynne Robinson, 'Silence' by Shūsaku Endō, 'The Power and the Glory' by Graham Greene, and 'Night' by Elie Wiesel."
"What should I read if I want accessible books on AI and society?","Try 'The Age of Surveillance Capitalism' by Shoshana Zuboff (nonfiction), 'Machines Like Me' by Ian McEwan (fiction), 'Speak' by Louisa Hall (fiction), and 'The Circle' by Dave Eggers."
"What should I read if I like modern retellings of classic myths?","Try 'Circe' and 'The Song of Achilles' by Madeline Miller, 'The Silence of the Girls' by Pat Barker, and 'Lavinia' by Ursula K. Le Guin."
"What should I read if I like books focused on small-town secrets?","Try 'Big Little Lies' by Liane Moriarty, 'The Dry' by Jane Harper, 'The Little Friend' by Donna Tartt, and 'The Last Mrs. Parrish' by Liv Constantine."
"What should I read if I want LGBTQ+ historical fiction?","Try 'The Night Watch' by Sarah Waters, 'Tipping the Velvet' by Sarah Waters, 'The Line of Beauty' by Alan Hollinghurst, and 'The Price of Salt' (Carol) by Patricia Highsmith."
"What should I read if I like novels about artists, galleries, and art worlds?","Try 'The Goldfinch' by Donna Tartt, 'The Museum of Extraordinary Things' by Alice Hoffman, 'The Art Forger' by B.A. Shapiro, and 'The Picture of Dorian Gray' by Oscar Wilde."
"What should I read if I want to explore Korean contemporary fiction?","Try 'Please Look After Mom' by Kyung-sook Shin, 'Pachinko' by Min Jin Lee (Korean diaspora), 'The Vegetarian' by Han Kang, and 'Human Acts' by Han Kang."
"What should I read if I want speculative short stories with emotional depth?","Try 'Her Body and Other Parties' by Carmen Maria Machado, 'The Paper Menagerie and Other Stories' by Ken Liu, 'Exhalation' by Ted Chiang, and 'The Bloody Chamber' by Angela Carter."
"What should I read if I like books that examine masculinity?","Try 'A River Runs Through It' by Norman Maclean, 'Notes from a Small Island' (humor/identity) by Bill Bryson, 'The Sportswriter' by Richard Ford, and 'Less' by Andrew Sean Greer (subverts masculinity tropes)."
"What should I read if I want page-turning maritime adventures?","Try 'Master and Commander' by Patrick O'Brian, 'The Old Man and the Sea' by Ernest Hemingway, 'Moby-Dick' by Herman Melville, and 'The North Water' by Ian McGuire."
"What should I read if I like feel-bad books that are still brilliant?","Try 'A Little Life' by Hanya Yanagihara, 'We Need to Talk About Kevin' by Lionel Shriver, 'The Road' by Cormac McCarthy, and 'Revolutionary Road' by Richard Yates."
"What should I read if I want novels that feature strong sibling dynamics?","Try 'Pachinko' by Min Jin Lee, 'The Immortalists' by Chloe Benjamin, 'The Nest' by Cynthia D'Aprix Sweeney, and 'The Poisonwood Bible' by Barbara Kingsolver."
"What should I read if I want accessible Eastern philosophy through fiction?","Try 'Siddhartha' by Hermann Hesse, 'The Razor's Edge' by W. Somerset Maugham, 'The Art of Hearing Heartbeats' by Jan-Philipp Sendker, and 'The Book of Disquiet' by Fernando Pessoa (philosophical fiction)."
"What should I read if I want books that explore the immigrant restaurant experience?","Try 'Kitchen' by Banana Yoshimoto (fictional flavors), 'Life of Pi' (food motifs), 'Blood, Bones & Butter' by Gabrielle Hamilton (memoir), and 'The Making of a Chef' by Michael Ruhlman (nonfiction culinary)."
"What should I read if I like novels that dramatize legal injustice?","Try 'Just Mercy' by Bryan Stevenson (nonfiction), 'To Kill a Mockingbird' by Harper Lee, 'Anatomy of a Murder' by Robert Traver, and 'A Time to Kill' by John Grisham."
"What should I read if I want modern Chinese fiction in translation?","Try 'Wolf Totem' by Jiang Rong, 'Red Sorghum' by Mo Yan, 'The Three-Body Problem' by Liu Cixin (sci‑fi), and 'Frog' by Mo Yan."
"What should I read if I want books with immersive classroom or school settings?","Try 'The Prime of Miss Jean Brodie' by Muriel Spark, 'Never Let Me Go' by Kazuo Ishiguro, 'The Secret History' by Donna Tartt, and 'The Prime Ministers' type novels (school as microcosm)."
"What should I read if I want contemporary pastoral fiction?","Try 'Prodigal Summer' by Barbara Kingsolver, 'A Month in the Country' by J.L. Carr, 'The Shepherd's Life' by James Rebanks (nonfiction pastoral), and 'The Secret Life of Bees' by Sue Monk Kidd."
"What should I read if I want novels centered on scientific obsession?","Try 'The Double' by José Saramago, 'The Island of Dr. Moreau' by H.G. Wells, 'Frankenstein' by Mary Shelley, and 'Annihilation' by Jeff VanderMeer."
"What should I read if I want transgressive fiction that shocks?","Try 'American Psycho' by Bret Easton Ellis, 'Crash' by J.G. Ballard, 'Lolita' by Vladimir Nabokov, and 'Naked Lunch' by William S. Burroughs."
"What should I read if I want novels about exile and return?","Try 'Homegoing' by Yaa Gyasi, 'A Thousand Years of Good Prayers' by Yiyun Li (stories), 'The Reluctant Fundamentalist' by Mohsin Hamid, and 'The Shadow Lines' by Amitav Ghosh."
"What should I read if I want novels with strong culinary settings and restaurants?","Try 'Sweetbitter' by Stephanie Danler, 'The Restaurant at the End of the Universe' (humor sci‑fi) by Douglas Adams, 'Kitchen' by Banana Yoshimoto, and 'The Art of Eating' memoirs."
"What should I read if I want slim novels with big emotional impact?","Try 'The Sense of an Ending' by Julian Barnes, 'The Death of Ivan Ilyich' by Leo Tolstoy (shorter classic), 'On Chesil Beach' by Ian McEwan, and 'The Vegetarian' by Han Kang."
"What should I read if I want dystopian novels driven by social satire?","Try 'The Handmaid's Tale' by Margaret Atwood, 'Brave New World' by Aldous Huxley, 'Never Let Me Go' by Kazuo Ishiguro, and 'The Children of Men' by P.D. James."
"What should I read if I want books that explore memory and identity?","Try 'The Sense of an Ending' by Julian Barnes, 'Never Let Me Go' by Kazuo Ishiguro, 'The Blue Flower' by Penelope Fitzgerald, and 'Tampa' by Alissa Nutting (identity study)."
"What should I read if I like novels set in wartime bakeries or kitchens?","Try 'The Nightingale' by Kristin Hannah (wartime domestic life), 'The Guernsey Literary and Potato Peel Pie Society' by Mary Ann Shaffer & Annie Barrows, 'The Kitchen Front' by Jennifer Ryan, and 'Suite Française' by Irène Némirovsky."
"What should I read if I want novels with strong unreliable child narrators?","Try 'Room' by Emma Donoghue, 'The Boy in the Striped Pyjamas' by John Boyne, 'The Catcher in the Rye' (teen narrator) by J.D. Salinger, and 'The Curious Incident of the Dog in the Night-Time' by Mark Haddon."
"What should I read if I like books about eccentric inventors and creators?","Try 'The Invention of Hugo Cabret' by Brian Selznick (middle-grade/illustrated), 'The Clockmaker's Daughter' by Kate Morton, 'The Amazing Adventures of Kavalier & Clay' by Michael Chabon, and 'The Swan' type novels."
"What should I read if I want books that pair well with a rainy day?","Try 'Norwegian Wood' by Haruki Murakami, 'The Secret Garden' by Frances Hodgson Burnett, 'The Shadow of the Wind' by Carlos Ruiz Zafón, and 'The Little Paris Bookshop' by Nina George."
"What should I read if I want immersive novels about cities?","Try 'Invisible Cities' by Italo Calvino, 'The City & The City' by China Miéville, 'Dubliners' by James Joyce, and 'City of Glass' by Paul Auster."
"What should I read if I want contemporary South African fiction?","Try 'Disgrace' by J.M. Coetzee, 'The Conservationist' by Nadine Gordimer, 'Beneath the Lion's Gaze' by Maaza Mengiste (Ethiopia-set but African perspective), and 'Born Freelance' type journalism-books."
"What should I read if I want novels with strong courtroom drama?","Try 'To Kill a Mockingbird' by Harper Lee, 'Anatomy of a Murder' by Robert Traver, 'A Time to Kill' by John Grisham, and 'The Lincoln Lawyer' by Michael Connelly."
"What should I read if I want experimental novels playing with typography?","Try 'House of Leaves' by Mark Z. Danielewski, 'Only Revolutions' by Mark Z. Danielewski, 'S.' by J.J. Abrams & Doug Dorst (book-within-book), and 'The Raw Shark Texts' by Steven Hall."
"What should I read if I want novels that center on mentorships between older and younger characters?","Try 'The Shadow of the Wind' by Carlos Ruiz Zafón, 'The Art of Fielding' by Chad Harbach, 'The Elegance of the Hedgehog' by Muriel Barbery, and 'The Prime of Miss Jean Brodie' by Muriel Spark."
"What should I read if I want novels with strong sense of childhood place?","Try 'To Kill a Mockingbird' by Harper Lee, 'Swallows and Amazons' by Arthur Ransome (classic childhood adventure), 'The Secret Garden' by Frances Hodgson Burnett, and 'My Family and Other Animals' by Gerald Durrell."
"What should I read if I want emotionally complex romances with moral dilemmas?","Try 'Atonement' by Ian McEwan, 'Possession' by A.S. Byatt, 'The Remains of the Day' (romantic restraint) by Kazuo Ishiguro, and 'The Bridges of Madison County' by Robert James Waller."
"What should I read if I want accessible contemporary poetry collections?","Try 'Citizen' by Claudia Rankine, 'The Sun and Her Flowers' by Rupi Kaur, 'Devotions' by Mary Oliver, and 'The Collected Poems' by Sylvia Plath (selected)."
"What should I read if I want novels that examine class and privilege?","Try 'The Great Gatsby' by F. Scott Fitzgerald, 'The House of Mirth' by Edith Wharton, 'The Goldfinch' by Donna Tartt, and 'Mansfield Park' by Jane Austen."
"What should I read if I want books with minimalist prose and quiet intensity?","Try 'Stoner' by John Williams, 'The Sense of an Ending' by Julian Barnes, 'The Mezzanine' by Nicholson Baker (minimalist focus), and 'Gilead' by Marilynne Robinson."
"What should I read if I want contemporary Brazilian fiction?","Try 'The Hour of the Star' by Clarice Lispector, 'Dom Casmurro' by Machado de Assis, 'The Alchemist' by Paulo Coelho (Brazilian author but global fable), and 'The House of the Spirits' (Chilean) — for Latin American context."
"What should I read if I like novels centered on investigative journalists?","Try 'The Girl with the Dragon Tattoo' by Stieg Larsson (investigation), 'The Journalist and the Murderer' (nonfiction) by Janet Malcolm, 'The Truth about the Harry Quebert Affair' by Joël Dicker, and 'The Night Manager' (espionage-journalism overlap)."
"What should I read if I want grimdark fantasy recommendations?","Try 'The Blade Itself' by Joe Abercrombie, 'Prince of Thorns' by Mark Lawrence, 'The First Law' trilogy by Joe Abercrombie, and 'Black Sun' by Rebecca Roanhorse (darker epic)."
"What should I read if I want to explore indigenous authors and stories?","Try 'There There' by Tommy Orange, 'The Round House' by Louise Erdrich, 'The Orenda' by Joseph Boyden, and 'Monkey Beach' by Eden Robinson."
"What should I read if I want books about the experience of caregiving?","Try 'The Caregiver's Tale' (fiction) — alternatives: 'When Breath Becomes Air' by Paul Kalanithi (patient/doctor), 'The Art of Dying' by Katy Butler (nonfiction), and memoirs like 'Still Alice' by Lisa Genova (fiction about Alzheimer's)."
"What should I read if I want novels with intense sibling rivalries?","Try 'The Vanishing Half' by Brit Bennett, 'We Have Always Lived in the Castle' by Shirley Jackson, 'The Poisonwood Bible' by Barbara Kingsolver, and 'Euphoria' by Lily King (sibling/protégé tensions)."
"What should I read if I want page-turning novels driven by secrets and revelation?","Try 'Big Little Lies' by Liane Moriarty, 'The Girl on the Train' by Paula Hawkins, 'The Secret History' by Donna Tartt, and 'The Woman in Cabin 10' by Ruth Ware."
"What should I read if I want novels that spotlight single parents?","Try 'The Light Between Oceans' by M.L. Stedman, 'Room' by Emma Donoghue, 'Where'd You Go, Bernadette' by Maria Semple (single parent comedic), and 'The Casual Vacancy' by J.K. Rowling (single-parent plots)."
"What should I read if I want quick historical novellas?","Try 'The Sense of an Ending' by Julian Barnes, 'The Death of Ivan Ilyich' by Leo Tolstoy, 'Bartleby, the Scrivener' by Herman Melville, and 'The Metamorphosis' by Franz Kafka."
"What should I read if I want novels that engage with climate anxiety in intimate ways?","Try 'Flight Behavior' by Barbara Kingsolver, 'The Overstory' by Richard Powers, 'The Wall' by John Lanchester, and 'Gold Fame Citrus' by Claire Vaye Watkins."
"Which contemporary authors write novels similar to Haruki Murakami?","Try Kazuo Ishiguro, Yoko Ogawa, Banana Yoshimoto, David Mitchell, and Sayaka Murata for surreal or dreamlike modern fiction."
"What are good starter nonfiction books about history for general readers?","Try 'Sapiens' by Yuval Noah Harari, 'A People's History of the United States' by Howard Zinn, 'Guns, Germs, and Steel' by Jared Diamond, and 'The Wright Brothers' by David McCullough."
"How can I find books by theme rather than author?","Use library subject tags, bookstore category shelves, curated lists on Goodreads, Book Riot, and themed newsletters; search terms like 'books about grief' or 'food memoirs' help."
"What are reputable sources for book reviews?","Try The New York Review of Books, The New Yorker, The Guardian book section, Kirkus Reviews, Publishers Weekly, and NPR Books."
"What are good audiobooks for long road trips?","Look for long, engaging narrations: 'The Goldfinch' (large runtime), 'The Night Circus', 'A Suitable Boy', 'Shantaram', and '1Q84' depending on genre taste."
"Which books are best to introduce a reluctant teen to reading?","Try 'The Hunger Games' by Suzanne Collins, 'Percy Jackson' by Rick Riordan, 'The Giver' by Lois Lowry, 'Speak' by Laurie Halse Anderson, and 'The Absolutely True Diary of a Part-Time Indian' by Sherman Alexie."
"What are reliable ways to check if a book is age-appropriate?","Check publisher age-range guidance, school/library reading lists, Common Sense Media, reader reviews that mention content warnings, and trusted librarians' recommendations."
"Where can I legally download free public-domain books?","Use Project Gutenberg, Internet Archive, Standard Ebooks, and your local library's digital collections (OverDrive/Libby)."
"How do I tell if a book translation is well-regarded?","Look for named translators, publisher reputation, awards (e.g., National Translation Award), reviews that praise translation quality, and comparisons of multiple translations."
"What are good books for learning about the craft of dialogue?","Try 'Writing Dialogue' by Tom Chiarella, 'The Art of Fiction' by John Gardner (sections on dialogue), and study novels praised for dialogue: anything by Elmore Leonard or Raymond Carver."
"How do I choose between multiple editions of a classic?","Prefer modern annotated editions for accessibility, scholarly editions for study (with notes), and high-quality translations when applicable; check prefaces and editorial notes for differences."
"What are quick ways to sample an author's style before committing to a full book?","Read a book's opening sample (publisher or retailer previews), read short stories or essays by the author, listen to an audio excerpt, or read reviews that quote passages."
"How can I build a balanced monthly reading list?","Mix one fiction, one nonfiction, one short-story/essay collection, one genre pick (mystery/romance/sci‑fi), and a book outside your comfort zone to keep variety."
"What are good books about the book industry itself?","Try 'The Business of Books' by André Schiffrin, 'Merchants of Culture' by John B. Thompson, 'The Shadow of the Wind' (fictional ode to books) by Carlos Ruiz Zafón, and 'The Bookseller of Kabul' (nonfiction portrait)."
"How do I find books translated from underrepresented languages?","Search translation-specialist presses (Archipelago, Peirene, Dalkey Archive), awards for translated literature, and library subject lists for 'translated fiction' or 'world literature.'"
"What are good bookish gifts for avid readers?","Consider gift cards to bookstores, a quality reading light, a durable bookmark, a subscription to an audiobook service, or a collector's edition of a favorite title."
"What are common tropes in romance novels and which ones are least recommended?","Common tropes: enemies-to-lovers, friends-to-lovers, fake relationships, second-chance romance. Least recommended depend on reader taste—avoid non-consensual-romance tropes if you dislike problematic dynamics."
"How can I keep track of books I've read and want to read?","Use Goodreads, LibraryThing, a simple spreadsheet (CSV), a dedicated notebook, or reading-tracker apps that let you log dates, ratings, and notes."
"What are good middle-grade books that adults will enjoy too?","Try 'The Chronicles of Narnia' by C.S. Lewis, 'Charlotte's Web' by E.B. White, 'The Graveyard Book' by Neil Gaiman, and 'The Little Prince' by Antoine de Saint-Exupéry."
"Which book awards should I watch to discover notable fiction?","Watch the Booker Prize, Pulitzer Prize for Fiction, National Book Award, Women's Prize for Fiction, and the Goncourt Prize for French-language discovery."
"How do independent bookstores choose staff picks?","Staff picks reflect books employees personally loved—often new releases, local authors, or overlooked gems—curated for variety and staff taste rather than sales algorithms."
"What are good strategies for reading longer books without losing interest?","Break into daily page targets, use chapter bookmarks, alternate with short reads, listen to the audiobook for sections, and read with a buddy or book club for accountability."
"Which books are best for learning narrative structure?","Try 'Story' by Robert McKee (theory), 'Save the Cat!' for beats (screenwriting but adaptable), and analyze classic novels like 'Madame Bovary' or 'Pride and Prejudice' for plot architecture."
"What are respectful ways to read books from cultures you don't belong to?","Read with humility, seek contextual nonfiction by scholars from that culture, avoid appropriation, read reviews from community voices, and approach with curiosity rather than judgment."
"How can I find books with reliable historical research?","Look for academic citations, author's credentials, publisher reputation, reviews in scholarly journals, and whether the book cites primary sources."
"What are common signs a book's blurb is misleading?","If the blurb promises nonstop action but reviews cite slow pacing, or it uses vague superlatives without specifics—check reader reviews and sample chapters for confirmation."
"What are good graphic novels for readers new to the format?","Try 'Persepolis' by Marjane Satrapi, 'Maus' by Art Spiegelman, 'Watchmen' by Alan Moore & Dave Gibbons, and 'Fun Home' by Alison Bechdel."
"How do I find books on very niche topics?","Search academic presses, specialist forums, subject-specific tags on bookseller sites, bibliographies in related books, and ask subject-matter librarians."
"What are family-friendly books that adults won't mind reading aloud?","Try 'The Wind in the Willows' by Kenneth Grahame, 'Winnie-the-Pooh' by A.A. Milne, 'The Hobbit' by J.R.R. Tolkien, and 'Charlotte's Web' by E.B. White."
"Which contemporary novels are good for readers who want humor and melancholy together?","Try 'A Man Called Ove' by Fredrik Backman, 'Eleanor Oliphant Is Completely Fine' by Gail Honeyman, 'A Walk in the Woods' by Bill Bryson, and 'Less' by Andrew Sean Greer."
"How can I tell if a new release will match my taste?","Read professional and reader reviews, sample first chapters, check tags/genres, compare to authors you like, and look for reviewers with similar tastes."
"What are reliable ways to buy signed first editions?","Buy from reputable antiquarian dealers, ABEBooks, local signed events, or publisher-author sites; verify signatures with provenance and purchase protections."
"Which books help understand the craft of plotting?","Try 'Plot & Structure' by James Scott Bell, 'Save the Cat! Writes a Novel' by Jessica Brody, and study tightly plotted novels like Agatha Christie mysteries."
"What's a good reading order for a long fantasy series to avoid spoilers?","Follow publication order unless the author specifies a different internal chronology; check official series guides or the author's website for recommended orders."
"How can I discover debut novelists likely to have long careers?","Follow reputable debut lists (Book Riot, NPR, publishers' imprints), watch prize shortlists for emerging writers, and read agent- or editor-recommended debuts."
"What are safe ways to read trigger-heavy books without harm?","Use content warnings, read in short sessions, have coping strategies, avoid graphic descriptions if sensitive, and stop if you feel overwhelmed."
"How do I find audiobook editions narrated well?","Read narration reviews, sample the audio, check if the narrator is the author (sometimes a bonus), and look for awards like Audie Award winners."
"What are good books to understand the history of a city?","Look for city-focused histories or literary portraits: 'Paris: The Biography of a City' by Colin Jones, 'London: The Biography' by Peter Ackroyd, or region-specific nonfiction by local historians."
"Where can I find curated lists for niche genres like 'cozy fantasy' or 'domestic gothic'?" ,"Use book blogs specializing in those subgenres, library curated lists, Book Riot, Tor.com for speculative subgenres, and Reddit reading communities."
"What are good questions to ask in a book club meeting?","Ask about characters' motivations, pivotal scenes, alternative endings, thematic connections to current events, what surprised readers, and favorite quotes."
"How do I choose between two similar-sounding books?","Compare sample chapters, read professional reviews, check page counts and pacing, and pick based on which opening hooked you more."
"What are best-selling book subscription boxes and are they worth it?","Popular boxes: Book of the Month, Once Upon a Book Club, OwlCrate (YA), and Riffle Picks; worth depends on personal taste, willingness to accept surprise picks, and value placed on extra goodies."
"Which nonfiction authors write in an engaging narrative style rather than academic prose?","Try Erik Larson, Rebecca Skloot, David Grann, and Laura Hillenbrand for narrative nonfiction that reads like story."
"How can I read more diversely without feeling overwhelmed?","Pick one book a month by an author from a different background, use curated month-by-month lists, and rotate regions/voices rather than attempting an immediate overhaul."
"What books make good gateways into translated literature?","Try 'The Stranger' by Albert Camus, 'One Hundred Years of Solitude' by Gabriel García Márquez, 'The Little Prince' by Antoine de Saint-Exupéry, and 'The Vegetarian' by Han Kang."
"How do I assess if a memoir is reliable?","Check corroborating reporting, author transparency about memory limits, reviews pointing out discrepancies, and whether key claims are documented."
"What are helpful reading formats for people with dyslexia?","Look for dyslexia-friendly fonts, large-print editions, audiobooks, e-readers with adjustable spacing/fonts, and publishers offering accessible formats."
"What are good essay collections for understanding contemporary culture?","Try 'Slouching Towards Bethlehem' by Joan Didion, 'Bad Feminist' by Roxane Gay, 'Notes of a Native Son' by James Baldwin, and 'Consider the Lobster' by David Foster Wallace."
"How can I find books that feature strong culinary descriptions?","Search tags like 'foodie fiction', read reviews that mention sensory writing, follow food-writing authors, and check cookery-adjacent fiction lists on book blogs."
"What are classic children's books that handle serious themes sensitively?","Try 'Charlotte's Web' by E.B. White (friendship/loss), 'Bridge to Terabithia' by Katherine Paterson (grief), 'Where the Red Fern Grows' by Wilson Rawls (loss), and 'The Little Prince' (existential themes)."
"How do I locate signed copies or author-signed editions online?","Check indie bookstores, publisher special editions, author websites, and verified sellers on marketplaces; prefer sellers offering certificates of authenticity."
"What are resources to find scholarly criticism on a popular novel?","Use JSTOR, Google Scholar, academic library databases, university reading lists, and published critical essays in journals or collected volumes."
"Which books are best for practicing close reading of prose style?","Short, dense novels or stories: James Joyce's 'Dubliners', Virginia Woolf's 'Mrs Dalloway' (passages), Anton Chekhov short stories, and single-story collections you can re-read for form."
"How do I give a book as a thoughtful gift without spoiling the plot?","Choose editions with attractive covers, include a personal note about why you chose it, avoid plot summaries on wrapping, and consider pairing with a bookmark or tea."
"What are quick strategies to improve reading speed without losing comprehension?","Practice timed reading, reduce subvocalization, use a pointer to guide eyes, chunk words into phrases, and regularly read slightly above comfort level."
"Which online communities are best for discovering new releases in specific genres?","Try genre-specific subreddits (r/Fantasy, r/SciFi), Goodreads groups, BookTube (YouTube book channels), and Twitter lists of genre reviewers."
"What are good books that pair well with a cooking project or themed meal?","Pick novels with strong food presence: 'Like Water for Chocolate' with Mexican dishes, 'Kitchen' with Japanese motifs, or 'Babette's Feast' (short story) alongside a themed dinner."
"How do I decide whether to prioritize reviews or awards when choosing a book?","Use reviews for taste-fit and immediate reader reactions; use awards to find critically recognized works. Combine both: awards narrow the field, reviews confirm personal fit."
"What are reliable ways to support diverse publishing beyond buying books?","Follow and promote authors on social media, review books by diverse authors, donate to literacy organizations, and buy from indie presses specializing in translated or marginalized voices."
"How can I ensure my book club stays engaging over time?","Vary genres, assign rotating discussion leaders, use themed meetings, invite authors when possible, and incorporate activities (food, film tie-ins, guest speakers)."
"What are good YA fantasy standalones to recommend to adults?","Try 'The Night Circus' by Erin Morgenstern, 'Uprooted' by Naomi Novik, 'The Ocean at the End of the Lane' by Neil Gaiman, and 'Stardust' by Neil Gaiman."
"How do I find older out-of-print books that are still worthwhile?","Search used-book marketplaces (AbeBooks, Alibris), local secondhand bookstores, library sales, and digital archives that reissue classics."
"What are short plays or novellas good for reading aloud at gatherings?","Try 'The Importance of Being Earnest' (Oscar Wilde—play), 'The Metamorphosis' (Kafka—novella), 'A Doll's House' (Ibsen—play), and short one-act plays by contemporary playwrights."
"How can I discover books banned or challenged in different countries and why?","Use lists from PEN America, the ALA's Office for Intellectual Freedom, and news coverage; read about the reasons—often political, sexual, or religious objections."
"What are box sets or omnibus editions worth collecting?","Collector-worthy: author-complete series box sets (Gaiman, Pratchett, Rowling), deluxe editions from publishers (Folio Society, Everyman's Library), and illustrated classics."
"How can I tell if a book's historical setting is accurate without reading full academic histories?","Check reviewers' notes on accuracy, author interviews about research, presence of endnotes/bibliography, and whether historians praise or critique the work."
"What are good resources to learn about book cover design trends?","Follow design blogs (The Book Designer), publisher art director interviews, Book Riot design features, and Instagram accounts of cover designers and small presses."
"What are practical ways to support your local library besides donations?","Volunteer for events, attend library programs, donate gently used books (per guidelines), advocate for funding, and use and recommend library services to others."
"What books make good introductions to speculative fiction for skeptical readers?","Try 'Station Eleven' by Emily St. John Mandel, 'The Road' by Cormac McCarthy, 'The Left Hand of Darkness' by Ursula K. Le Guin, and 'Never Let Me Go' by Kazuo Ishiguro."
"How do I find books with accurate technical detail (medicine, law, tech) for realistic fiction?","Consult authors' notes, check whether professionals praise accuracy, read technical reviewers' takes, and look for novels where authors did clear primary-source or field research."
"What are author-run newsletters or blogs worth subscribing to for early book news?","Authors like Neil Gaiman, Margaret Atwood, and authors on Substack often share writing updates; indie press newsletters also announce early lists and exclusives."
"How do I judge whether a book translation preserves humor or idioms well?","Check reviews by bilingual readers, translator notes explaining choices, and sample passages comparing original and translation when available."
"What are good lightly illustrated nonfiction books for visual learners?","Try 'The Elements of Style' (some editions), 'The Lost Art of Reading Nature's Signs' (field guides), and graphic nonfiction like 'The Cartoon History of the Universe' or 'The Manga Guide' series for technical topics."
"What are notable tiny presses publishing innovative short books?","Look at Fitzcarraldo Editions, Ugly Duckling Presse, New Directions, and Archipelago Books for provocative short fiction and translations."
"How can I find reading challenges that fit my goals?","Search Goodreads reading challenge groups, library challenge calendars, Book Riot prompts, and genre-specific community challenges tailored to pace and themes."
"What are good books that explore the relationship between science and religion?","Try 'The Varieties of Religious Experience' (classic) by William James, 'The Language of God' by Francis Collins, 'The God Delusion' by Richard Dawkins (critical), and 'Silence' by Shūsaku Endō (fictional exploration)."
"What are recommended etiquette rules for swapping spoilers in public book discussions?","Use spoiler warnings, specify a chapter cutoff time, give brief content summaries only if asked, and use separate spoiler threads for deep plot revelations."
"How can I find local author events and readings?","Check indie bookstore calendars, library event pages, university event listings, and local literary festival schedules for readings and signings."
"What are auditory cues to watch for when choosing an audiobook narrator I’ll like?","Listen for pacing, character differentiation, clarity, tone warmth, and whether the narrator's accent and style suit the text's voice."
"What are good book-length investigations into one crime or scandal?","Try 'In Cold Blood' by Truman Capote, 'The Journalist and the Murderer' by Janet Malcolm (meta), 'Midnight in the Garden of Good and Evil' by John Berendt, and 'Columbine' by Dave Cullen."
"How can I ethically quote short passages from books in my blog?","Use short excerpts with attribution, keep quotes minimal, comment or critique (transformative use), and follow fair use guidelines; link back to the publisher or retailer."
"What are books that pair well with a travel itinerary to Europe?","Read regional novels: 'A Farewell to Arms' (Italy), 'The Elegance of the Hedgehog' (Paris), 'Kristin Lavransdatter' (Norway), and 'The Shadow of the Wind' (Barcelona) before visiting."